,error_rate,num_shots,logical_errors,time
0,0.001,1000,0,85.47960686683655
1,0.002,1000,0,85.36806350760162
2,0.003,1000,6,85.49220464378595
3,0.004,1000,39,85.38068010285497
