,error_rate,num_shots,logical_errors,time
0,0.0005,1000,0,186.90791521593928
1,0.001,1000,0,182.7194324992597
2,0.002,1000,0,181.8901748880744
3,0.003,1000,13,181.83026133477688
