,error_rate,num_shots,logical_errors,time
0,0.0005,1000,0,69.47744542174041
1,0.001,1000,0,69.59591003134847
2,0.002,1000,3,69.58417641557753
3,0.003,1000,9,69.62165317870677
