,error_rate,num_shots,logical_errors,time
0,0.001,200000,17,55.27427388986689
1,0.002,50000,77,13.802317141075036
