,error_rate,num_shots,logical_errors,time
0,0.0005,1000,0,55.56342061050236
1,0.001,1000,0,54.71195332240313
2,0.002,1000,1,54.728065483272076
3,0.003,1000,13,54.787188907153904
