,error_rate,num_shots,logical_errors,time
0,0.003,5000,57,1.5218853109981865
1,0.004,5000,213,1.3832423590210965
